Name,Query,URL
none.0.0.html.txt,linear regression" site:machinelearningmastery.com,https://machinelearningmastery.com/linear-regression-for-machine-learning/
none.0.1.html.txt,linear regression" site:machinelearningmastery.com,https://machinelearningmastery.com/solve-linear-regression-using-linear-algebra/
none.0.2.html.txt,linear regression" site:machinelearningmastery.com,https://machinelearningmastery.com/simple-linear-regression-tutorial-for-machine-learning/
none.0.3.html.txt,linear regression" site:machinelearningmastery.com,https://machinelearningmastery.com/linear-regression-tutorial-using-gradient-descent-for-machine-learning/
none.0.4.html.txt,linear regression" site:machinelearningmastery.com,https://machinelearningmastery.com/linear-regression-with-maximum-likelihood-estimation/
none.0.5.html.txt,linear regression" site:machinelearningmastery.com,https://machinelearningmastery.com/implement-simple-linear-regression-scratch-python/
none.0.6.html.txt,linear regression" site:machinelearningmastery.com,https://machinelearningmastery.com/implement-linear-regression-stochastic-gradient-descent-scratch-python/
none.0.7.html.txt,linear regression" site:machinelearningmastery.com,https://machinelearningmastery.com/robust-regression-for-machine-learning-in-python/
none.0.8.html.txt,linear regression" site:machinelearningmastery.com,https://machinelearningmastery.com/optimize-regression-models/
none.0.9.html.txt,linear regression" site:machinelearningmastery.com,https://machinelearningmastery.com/use-regression-machine-learning-algorithms-weka/
none.1.0.html.txt,"regression" site:machinelearningmastery.com,https://machinelearningmastery.com/linear-regression-for-machine-learning/
none.1.1.html.txt,"regression" site:machinelearningmastery.com,https://machinelearningmastery.com/regression-metrics-for-machine-learning/
none.1.2.html.txt,"regression" site:machinelearningmastery.com,https://machinelearningmastery.com/simple-linear-regression-tutorial-for-machine-learning/
none.1.3.html.txt,"regression" site:machinelearningmastery.com,https://machinelearningmastery.com/solve-linear-regression-using-linear-algebra/
none.1.4.html.txt,"regression" site:machinelearningmastery.com,https://machinelearningmastery.com/robust-regression-for-machine-learning-in-python/
none.1.5.html.txt,"regression" site:machinelearningmastery.com,https://machinelearningmastery.com/xgboost-for-regression/
none.1.6.html.txt,"regression" site:machinelearningmastery.com,https://machinelearningmastery.com/use-regression-machine-learning-algorithms-weka/
none.1.7.html.txt,"regression" site:machinelearningmastery.com,https://machinelearningmastery.com/multi-output-regression-models-with-python/
none.1.8.html.txt,"regression" site:machinelearningmastery.com,https://machinelearningmastery.com/regression-tutorial-keras-deep-learning-library-python/
none.1.9.html.txt,"regression" site:machinelearningmastery.com,https://machinelearningmastery.com/optimize-regression-models/
none.2.0.html.txt,"variance" site:machinelearningmastery.com,https://machinelearningmastery.com/introduction-to-expected-value-variance-and-covariance/
none.2.1.html.txt,"variance" site:machinelearningmastery.com,https://machinelearningmastery.com/how-to-reduce-model-variance/
none.2.2.html.txt,"variance" site:machinelearningmastery.com,https://machinelearningmastery.com/calculate-the-bias-variance-trade-off/
none.2.3.html.txt,"variance" site:machinelearningmastery.com,https://machinelearningmastery.com/gentle-introduction-to-the-bias-variance-trade-off-in-machine-learning/
none.2.4.html.txt,"variance" site:machinelearningmastery.com,https://machinelearningmastery.com/different-results-each-time-in-machine-learning/
none.2.5.html.txt,"variance" site:machinelearningmastery.com,https://machinelearningmastery.com/basic-data-cleaning-for-machine-learning/
none.2.6.html.txt,"variance" site:machinelearningmastery.com,https://machinelearningmastery.com/statistical-hypothesis-tests-in-python-cheat-sheet/
none.2.7.html.txt,"variance" site:machinelearningmastery.com,https://machinelearningmastery.com/linear-discriminant-analysis-for-machine-learning/
none.2.8.html.txt,"variance" site:machinelearningmastery.com,https://machinelearningmastery.com/how-to-use-correlation-to-understand-the-relationship-between-variables/
none.2.9.html.txt,"variance" site:machinelearningmastery.com,https://machinelearningmastery.com/what-are-probability-distributions/
none.3.0.html.txt,"probability" site:machinelearningmastery.com,https://machinelearningmastery.com/probability-for-machine-learning/
none.3.1.html.txt,"probability" site:machinelearningmastery.com,https://machinelearningmastery.com/what-are-probability-distributions/
none.3.2.html.txt,"probability" site:machinelearningmastery.com,https://machinelearningmastery.com/how-to-develop-an-intuition-for-probability-with-worked-examples/
none.3.3.html.txt,"probability" site:machinelearningmastery.com,https://machinelearningmastery.com/monte-carlo-sampling-for-probability/
none.3.4.html.txt,"probability" site:machinelearningmastery.com,https://machinelearningmastery.com/how-to-score-probability-predictions-in-python/
none.3.5.html.txt,"probability" site:machinelearningmastery.com,https://machinelearningmastery.com/discrete-probability-distributions-for-machine-learning/
none.3.6.html.txt,"probability" site:machinelearningmastery.com,https://machinelearningmastery.com/markov-chain-monte-carlo-for-probability/
none.3.7.html.txt,"probability" site:machinelearningmastery.com,https://machinelearningmastery.com/how-to-develop-and-evaluate-naive-classifier-strategies-using-probability/
none.3.8.html.txt,"probability" site:machinelearningmastery.com,https://machinelearningmastery.com/intuition-for-bayes-theorem-with-worked-examples/
none.3.9.html.txt,"probability" site:machinelearningmastery.com,https://machinelearningmastery.com/critical-values-for-statistical-hypothesis-testing/
none.4.0.html.txt,"statistic" site:machinelearningmastery.com,https://machinelearningmastery.com/what-is-statistics/
none.4.1.html.txt,"statistic" site:machinelearningmastery.com,https://machinelearningmastery.com/statistics-for-machine-learning-mini-course/
none.4.2.html.txt,"statistic" site:machinelearningmastery.com,https://machinelearningmastery.com/statistical-hypothesis-tests/
none.4.3.html.txt,"statistic" site:machinelearningmastery.com,https://machinelearningmastery.com/statistical-data-distributions/
none.4.4.html.txt,"statistic" site:machinelearningmastery.com,https://machinelearningmastery.com/understand-machine-learning-data-descriptive-statistics-python/
none.4.5.html.txt,"statistic" site:machinelearningmastery.com,https://machinelearningmastery.com/statistical-hypothesis-tests-in-python-cheat-sheet/
none.4.6.html.txt,"statistic" site:machinelearningmastery.com,https://machinelearningmastery.com/critical-values-for-statistical-hypothesis-testing/
none.4.7.html.txt,"statistic" site:machinelearningmastery.com,https://machinelearningmastery.com/statistical-power-and-power-analysis-in-python/
none.4.8.html.txt,"statistic" site:machinelearningmastery.com,https://machinelearningmastery.com/statistics-books-for-machine-learning/
none.4.9.html.txt,"statistic" site:machinelearningmastery.com,https://machinelearningmastery.com/estimation-statistics-for-machine-learning/
none.5.0.html.txt,"correlation" site:machinelearningmastery.com,https://machinelearningmastery.com/how-to-use-correlation-to-understand-the-relationship-between-variables/
none.5.1.html.txt,"correlation" site:machinelearningmastery.com,https://machinelearningmastery.com/gentle-introduction-autocorrelation-partial-autocorrelation/
none.5.2.html.txt,"correlation" site:machinelearningmastery.com,https://machinelearningmastery.com/introduction-to-expected-value-variance-and-covariance/
none.5.3.html.txt,"correlation" site:machinelearningmastery.com,https://machinelearningmastery.com/simple-linear-regression-tutorial-for-machine-learning/
none.5.4.html.txt,"correlation" site:machinelearningmastery.com,https://machinelearningmastery.com/statistics-for-machine-learning-mini-course/
none.5.5.html.txt,"correlation" site:machinelearningmastery.com,https://machinelearningmastery.com/elastic-net-regression-in-python/
none.5.6.html.txt,"correlation" site:machinelearningmastery.com,https://machinelearningmastery.com/statistical-hypothesis-tests-in-python-cheat-sheet/
none.5.7.html.txt,"correlation" site:machinelearningmastery.com,https://machinelearningmastery.com/perform-feature-selection-machine-learning-data-weka/
none.5.8.html.txt,"correlation" site:machinelearningmastery.com,https://machinelearningmastery.com/feature-selection-machine-learning-python/
none.5.9.html.txt,"correlation" site:machinelearningmastery.com,https://machinelearningmastery.com/chi-squared-test-for-machine-learning/
none.6.0.html.txt,"histogram" site:machinelearningmastery.com,https://machinelearningmastery.com/seaborn-data-visualization-for-machine-learning/
none.6.1.html.txt,"histogram" site:machinelearningmastery.com,https://machinelearningmastery.com/data-visualization-methods-in-python/
none.6.2.html.txt,"histogram" site:machinelearningmastery.com,https://machinelearningmastery.com/probability-density-estimation/
none.6.3.html.txt,"histogram" site:machinelearningmastery.com,https://machinelearningmastery.com/a-gentle-introduction-to-normality-tests-in-python/
none.6.4.html.txt,"histogram" site:machinelearningmastery.com,https://machinelearningmastery.com/calculate-bootstrap-confidence-intervals-machine-learning-results-python/
none.6.5.html.txt,"histogram" site:machinelearningmastery.com,https://machinelearningmastery.com/how-to-transform-data-to-fit-the-normal-distribution/
none.6.6.html.txt,"histogram" site:machinelearningmastery.com,https://machinelearningmastery.com/empirical-distribution-function-in-python/
none.6.7.html.txt,"histogram" site:machinelearningmastery.com,https://machinelearningmastery.com/quick-and-dirty-data-analysis-with-pandas/
none.6.8.html.txt,"histogram" site:machinelearningmastery.com,https://machinelearningmastery.com/quantile-transforms-for-machine-learning/
none.6.9.html.txt,"histogram" site:machinelearningmastery.com,https://machinelearningmastery.com/monte-carlo-sampling-for-probability/
none.7.0.html.txt,"hypothesis testing" site:machinelearningmastery.com,https://machinelearningmastery.com/statistical-hypothesis-tests/
none.7.1.html.txt,"hypothesis testing" site:machinelearningmastery.com,https://machinelearningmastery.com/hypothesis-test-for-comparing-machine-learning-algorithms/
none.7.2.html.txt,"hypothesis testing" site:machinelearningmastery.com,https://machinelearningmastery.com/statistical-hypothesis-tests-in-python-cheat-sheet/
none.7.3.html.txt,"hypothesis testing" site:machinelearningmastery.com,https://machinelearningmastery.com/critical-values-for-statistical-hypothesis-testing/
none.7.4.html.txt,"hypothesis testing" site:machinelearningmastery.com,https://machinelearningmastery.com/what-is-a-hypothesis-in-machine-learning/
none.7.5.html.txt,"hypothesis testing" site:machinelearningmastery.com,https://machinelearningmastery.com/parametric-statistical-significance-tests-in-python/
none.7.6.html.txt,"hypothesis testing" site:machinelearningmastery.com,https://machinelearningmastery.com/statistical-significance-tests-for-comparing-machine-learning-algorithms/
none.7.7.html.txt,"hypothesis testing" site:machinelearningmastery.com,https://machinelearningmastery.com/estimation-statistics-for-machine-learning/
none.7.8.html.txt,"hypothesis testing" site:machinelearningmastery.com,https://machinelearningmastery.com/how-to-code-the-students-t-test-from-scratch-in-python/
none.7.9.html.txt,"hypothesis testing" site:machinelearningmastery.com,https://machinelearningmastery.com/statistics_for_machine_learning/
none.8.0.html.txt,"conditional probability" site:machinelearningmastery.com,https://machinelearningmastery.com/joint-marginal-and-conditional-probability-for-machine-learning/
none.8.1.html.txt,"conditional probability" site:machinelearningmastery.com,https://machinelearningmastery.com/bayes-theorem-for-machine-learning/
none.8.2.html.txt,"conditional probability" site:machinelearningmastery.com,https://machinelearningmastery.com/intuition-for-bayes-theorem-with-worked-examples/
none.8.3.html.txt,"conditional probability" site:machinelearningmastery.com,https://machinelearningmastery.com/how-to-develop-an-intuition-for-probability-with-worked-examples/
none.8.4.html.txt,"conditional probability" site:machinelearningmastery.com,https://machinelearningmastery.com/probability-for-machine-learning/
none.8.5.html.txt,"conditional probability" site:machinelearningmastery.com,https://machinelearningmastery.com/what-is-maximum-likelihood-estimation-in-machine-learning/
none.8.6.html.txt,"conditional probability" site:machinelearningmastery.com,https://machinelearningmastery.com/maximum-a-posteriori-estimation/
none.8.7.html.txt,"conditional probability" site:machinelearningmastery.com,https://machinelearningmastery.com/probability-density-estimation/
none.8.8.html.txt,"conditional probability" site:machinelearningmastery.com,https://machinelearningmastery.com/naive-bayes-for-machine-learning/
none.8.9.html.txt,"conditional probability" site:machinelearningmastery.com,https://machinelearningmastery.com/linear-regression-with-maximum-likelihood-estimation/
none.9.0.html.txt,"control group" site:machinelearningmastery.com,https://machinelearningmastery.com/confounding-variables-in-machine-learning/
none.9.1.html.txt,"control group" site:machinelearningmastery.com,https://machinelearningmastery.com/how-to-control-the-speed-and-stability-of-training-neural-networks-with-gradient-descent-batch-size/
none.9.2.html.txt,"control group" site:machinelearningmastery.com,https://machinelearningmastery.com/how-to-get-baseline-results-and-why-they-matter/
none.9.3.html.txt,"control group" site:machinelearningmastery.com,https://machinelearningmastery.com/clustering-algorithms-with-python/
none.9.4.html.txt,"control group" site:machinelearningmastery.com,https://machinelearningmastery.com/one-hot-encoding-for-categorical-data/
none.9.5.html.txt,"control group" site:machinelearningmastery.com,https://machinelearningmastery.com/use-classification-machine-learning-algorithms-weka/
none.9.6.html.txt,"control group" site:machinelearningmastery.com,https://machinelearningmastery.com/gentle-introduction-xgboost-applied-machine-learning/
none.9.7.html.txt,"control group" site:machinelearningmastery.com,https://machinelearningmastery.com/simple-time-series-forecasting-models/
none.9.8.html.txt,"control group" site:machinelearningmastery.com,https://machinelearningmastery.com/k-fold-cross-validation/
none.9.9.html.txt,"control group" site:machinelearningmastery.com,https://machinelearningmastery.com/how-to-load-and-manipulate-images-for-deep-learning-in-python-with-pil-pillow/
